<?xml version="1.0" encoding="UTF-8"?><?xml-stylesheet type='text/xsl' href='_UpgradeReport_Files/UpgradeReport.xslt'?><UpgradeLog>
<Properties><Property Name="Solution" Value="AudioEngine">
</Property><Property Name="Solution File" Value="C:\Professional\Code\SipContact\AudioEngine\AudioEngine.sln">
</Property><Property Name="Date" Value="21 May 2011">
</Property><Property Name="Time" Value="17:54:20">
</Property></Properties><Event ErrorLevel="0" Project="AudioEngine" Source="AudioEngine.vcproj" Description="Converting project file 'C:\Professional\Code\SipContact\AudioEngine\AudioEngine.vcproj'.">
</Event><Event ErrorLevel="1" Project="AudioEngine" Source="AudioEngine.vcproj" Description="VCWebServiceProxyGeneratorTool is no longer supported. The tool has been removed from your project settings.">
</Event><Event ErrorLevel="1" Project="AudioEngine" Source="AudioEngine.vcproj" Description="Attribute 'Detect64BitPortabilityProblems' of 'VCCLCompilerTool' is not supported in this version and has been removed during conversion.">
</Event><Event ErrorLevel="1" Project="AudioEngine" Source="AudioEngine.vcproj" Description="Attribute 'Detect64BitPortabilityProblems' of 'VCCLCompilerTool' is not supported in this version and has been removed during conversion.">
</Event><Event ErrorLevel="0" Project="AudioEngine" Source="AudioEngine.vcproj" Description="Done converting to new project file 'C:\Professional\Code\SipContact\AudioEngine\AudioEngine.vcxproj'.">
</Event><Event ErrorLevel="3" Project="AudioEngine" Source="AudioEngine.vcproj" Description="Converted">
</Event></UpgradeLog>